"char";"storage";"item";"quantity"
"Tumz";"inventory";"Moggiebag";"1"
"Tumz";"inventory";"SP Gobbie Key";"6"
"Tumz";"inventory";"Snowslit Stone +1";"21"
"Tumz";"inventory";"Vile Elixir +1";"1"
"Tumz";"inventory";"Instant Reraise";"1"
"Tumz";"inventory";"Abdhaljs Seal";"2"
"Tumz";"inventory";"P. RUN Card";"6"
"Tumz";"inventory";"Mog Pell (Red)";"4"
"Tumz";"inventory";"Dullahan Armor";"3"
"Tumz";"inventory";"Chocobo Egg";"2"
"Tumz";"inventory";"Copper Voucher";"10"
"Tumz";"inventory";"H-P Bayld";"2"
"Tumz";"inventory";"H. Kindred Crest";"51"
"Tumz";"inventory";"S. Astral Detritus";"13"
"Tumz";"inventory";"Silent Oil";"12"
"Tumz";"inventory";"Silver Voucher";"3"
"Tumz";"inventory";"S. Kindred Crest";"133"
"Tumz";"inventory";"Prism Powder";"10"
"Tumz";"inventory";"Echo Drops";"1"
"Tumz";"inventory";"Remedy";"13"
"Tumz";"inventory";"Fenrite";"3"
"Tumz";"inventory";"Linkpearl";"1"
"Tumz";"inventory";"Sublime Sushi";"6"
"Tumz";"inventory";"Pluton";"2"
"Tumz";"inventory";"Maliya. Coral";"1"
"Tumz";"inventory";"Ra'Kaz. Sapphire";"1"
"Tumz";"inventory";"Holy Water";"6"
"Tumz";"inventory";"Kindred's Crest";"5"
"Tumz";"inventory";"Lebondopt Wing";"1"
"Tumz";"inventory";"Max-Potion";"3"
"Tumz";"inventory";"Lustreless Hide";"23"
"Tumz";"inventory";"Kindred's Seal";"2"
"Tumz";"wardrobe";"Flam. Gambieras +2";"1"
"Tumz";"wardrobe";"Mache Earring";"2"
"Tumz";"wardrobe";"Jolt Counter";"1"
"Tumz";"wardrobe";"Moonshade Earring";"1"
"Tumz";"wardrobe";"Eri. Leg Guards +2";"1"
"Tumz";"wardrobe";"Rajas Ring";"1"
"Tumz";"wardrobe";"Foire Dastanas";"1"
"Tumz";"wardrobe";"Futhark Boots +1";"1"
"Tumz";"wardrobe";"Staunch Tathlum";"1"
"Tumz";"wardrobe";"Updraft Mantle";"1"
"Tumz";"wardrobe";"Prolix Ring";"1"
"Tumz";"wardrobe";"Pitre Tobe +1";"1"
"Tumz";"wardrobe";"Vishap Greaves";"1"
"Tumz";"wardrobe";"Alaunus's Cape";"1"
"Tumz";"wardrobe";"Charivari Earring";"1"
"Tumz";"wardrobe";"Foire Bab. +1";"1"
"Tumz";"wardrobe";"Witful Belt";"1"
"Tumz";"wardrobe";"Warp Ring";"1"
"Tumz";"wardrobe";"Fotia Belt";"1"
"Tumz";"wardrobe";"Refined Grip +1";"1"
"Tumz";"wardrobe";"Flume Belt";"1"
"Tumz";"wardrobe";"Clr. Torque +1";"1"
"Tumz";"wardrobe";"Samnuha Tights";"1"
"Tumz";"wardrobe";"Friomisi Earring";"1"
"Tumz";"wardrobe";"Cessance Earring";"1"
"Tumz";"wardrobe";"Odnowa Earring +1";"1"
"Tumz";"wardrobe";"Moonbow Belt";"1"
"Tumz";"wardrobe";"Pitre Taj +1";"1"
"Tumz";"wardrobe";"Pitre Dastanas +1";"1"
"Tumz";"wardrobe";"Airy Ring";"1"
"Tumz";"wardrobe";"Visucius's Mantle";"1"
"Tumz";"wardrobe";"Suppanomimi";"1"
"Tumz";"wardrobe";"Tali'ah Manteel +2";"1"
"Tumz";"wardrobe";"Sailfi Belt +1";"1"
"Tumz";"wardrobe";"Varar Ring";"2"
"Tumz";"wardrobe";"Moonbeam Ring";"1"
"Tumz";"wardrobe";"Siegel Sash";"1"
"Tumz";"wardrobe";"Sanctity Necklace";"1"
"Tumz";"wardrobe";"Theo. Pant. +1";"1"
"Tumz";"wardrobe";"Fotia Gorget";"1"
"Tumz";"wardrobe";"Loquac. Earring";"1"
"Tumz";"wardrobe";"Twilight Torque";"1"
"Tumz";"wardrobe";"Acerbic Sash +1";"1"
"Tumz";"wardrobe";"Herculean Boots";"1"
"Tumz";"wardrobe";"Buffoon's Collar";"1"
"Tumz";"wardrobe";"Aya. Gambieras +2";"1"
"Tumz";"wardrobe";"Flame Ring";"1"
"Tumz";"wardrobe";"Solemn Ring";"1"
"Tumz";"wardrobe";"Twilight Belt";"1"
"Tumz";"wardrobe";"Haoma's Ring";"1"
"Tumz";"wardrobe";"Sulev. Leggings +2";"1"
"Tumz";"wardrobe";"Piety Pantaloons";"1"
"Tumz";"wardrobe";"Heyoka Subligar";"1"
"Tumz";"wardrobe";"Heyoka Harness";"1"
"Tumz";"wardrobe";"Chirich Ring";"1"
"Tumz";"wardrobe";"Tali'ah Sera. +1";"1"
"Tumz";"wardrobe";"Dumakulem's Ring";"1"
"Tumz";"wardrobe";"Hurch'lan Sash";"1"
"Tumz";"wardrobe";"Colossus's Torque";"1"
"Tumz";"wardrobe";"Ioskeha Belt";"1"
"Tumz";"wardrobe";"Reienkyo";"1"
"Tumz";"wardrobe";"Guignol Earring";"1"
"Tumz";"wardrobe";"Mantoptera Eye";"1"
"Tumz";"wardrobe";"Dim. Ring (Mea)";"1"
"Tumz";"wardrobe";"Ethereal Earring";"1"
"Tumz";"wardrobe";"Brutal Earring";"1"
"Tumz";"wardrobe";"Cirque Farsetto +2";"1"
"Tumz";"wardrobe";"Asperity Necklace";"1"
"Tumz";"wardrobe";"Pitre Churidars";"1"
"Tumz";"wardrobe";"Merciful Cape";"1"
"Tumz";"wardrobe";"Heyoka Mittens";"1"
"Tumz";"wardrobe";"Estq. Earring";"1"
"Tumz";"wardrobe";"Brigantia's Mantle";"1"
"Tumz";"wardrobe";"Heyoka Cap";"1"
"Tumz";"wardrobe";"Turms Mittens";"1"
"Tumz";"wardrobe";"Glassblower's Belt";"1"
"Tumz";"wardrobe";"Epona's Ring";"1"
"Tumz";"wardrobe";"Aya. Zucchetto +2";"1"
"Tumz";"wardrobe";"Vocane Ring";"1"
"Tumz";"wardrobe";"Moonbeam Ring";"1"
"Tumz";"wardrobe";"Vishap Greaves";"1"
"Tumz";"wardrobe";"Vishap Armet";"1"
"Tumz";"safe";"Feast Hose";"1"
"Tumz";"safe";"Book Holder";"2"
"Tumz";"safe";"Duelist's Gloves";"1"
"Tumz";"safe";"Floral Nightstand";"2"
"Tumz";"safe";"Umbra Strap";"1"
"Tumz";"safe";"Bahut";"5"
"Tumz";"safe";"Surefire Arquebus";"1"
"Tumz";"safe";"Heartseeker Earring";"1"
"Tumz";"safe";"9-Drawer Almirah";"2"
"Tumz";"safe";"Hepatizon Sapara";"2"
"Tumz";"safe";"Maple Table";"1"
"Tumz";"safe";"Nibiru Knife";"1"
"Tumz";"safe";"Animikii Bullet";"1"
"Tumz";"safe";"Fluoro-flora";"1"
"Tumz";"safe";"Hes. Gloves";"1"
"Tumz";"safe";"Windurstian Flag";"1"
"Tumz";"safe";"Rhadamanthus";"1"
"Tumz";"safe";"Jhakri Cuffs +1";"1"
"Tumz";"safe";"Lanun Tricorne";"1"
"Tumz";"safe";"Thew Bomblet";"1"
"Tumz";"safe";"Mummu Wrists +1";"1"
"Tumz";"safe";"Lugh's Cape";"1"
"Tumz";"safe";"Mimesis";"1"
"Tumz";"safe";"Marble Plaque";"1"
"Tumz";"safe";"Mummu Jacket +1";"1"
"Tumz";"safe";"Jhakri Pigaches +1";"1"
"Tumz";"safe";"Lanun Bottes";"1"
"Tumz";"safe";"Ecru Desk";"1"
"Tumz";"safe";"Manibozho Gloves";"1"
"Tumz";"safe";"Chocobo Wand";"1"
"Tumz";"safe";"Chasseur's Gants";"1"
"Tumz";"safe";"Star Globe";"1"
"Tumz";"safe";"Alruna's Gloves";"1"
"Tumz";"safe";"Estoqueur's Cape";"1"
"Tumz";"safe";"Hagneia Stone";"1"
"Tumz";"safe";"A.Angel TT Stat.";"1"
"Tumz";"safe";"Mummu Kecks +1";"1"
"Tumz";"safe";"Commodore Gants";"1"
"Tumz";"safe";"Vampirism";"1"
"Tumz";"safe";"Adlivun Bullet";"96"
"Tumz";"safe";"Assim. Keffiyeh +1";"1"
"Tumz";"safe";"Priwen";"1"
"Tumz";"safe";"Vox Grip";"1"
"Tumz";"safe";"Lanun Frac";"1"
"Tumz";"safe";"Tzacab Grip";"1"
"Tumz";"safe";"Viti. Chapeau +1";"1"
"Tumz";"safe";"Aettir";"1"
"Tumz";"safe";"Vana'clock";"1"
"Tumz";"safe";"Buramenk'ah";"1"
"Tumz";"safe";"Jhakri Slops +1";"1"
"Tumz";"safe";"Noble's Bed";"1"
"Tumz";"safe";"Pukulatmuj";"1"
"Tumz";"safe";"Jeunoan Flag";"1"
"Tumz";"safe";"Crystal Rose";"2"
"Tumz";"safe";"Culminus";"1"
"Tumz";"safe";"Segomo's Mantle";"1"
"Tumz";"safe";"Thief's Knife";"1"
"Tumz";"safe";"Seraphicaller";"1"
"Tumz";"safe";"Mummu Gamash. +1";"1"
"Tumz";"safe";"Imperial Standard";"1"
"Tumz";"safe";"Amicus Grip";"1"
"Tumz";"safe";"Surcouf's Jambiya";"1"
"Tumz";"safe";"Denouements";"1"
"Tumz";"safe";"Mummu Bonnet +1";"1"
"Tumz";"safe";"Leth. Houseaux";"1"
"Tumz";"safe";"Navarch's Frac +1";"1"
"Tumz";"safe";"Ark Shield";"1"
"Tumz";"safe";"Yel. VCS Plaque";"1"
"Tumz";"safe";"Aliyat Chakram";"1"
"Tumz";"safe";"Jhakri Coronal +1";"1"
"Tumz";"safe";"Pukulatmuj +1";"1"
"Tumz";"storage";"Gazu Bracelets";"1"
"Tumz";"storage";"Hydra Jupon";"1"
"Tumz";"storage";"Senjuinrikio";"1"
"Tumz";"storage";"Chococard (M)";"1"
"Tumz";"storage";"Duelist's Belt";"1"
"Tumz";"storage";"VCS Reg. Card";"1"
"Tumz";"storage";"Tavnazia Bell";"1"
"Tumz";"storage";"Dragon Ring";"1"
"Tumz";"storage";"Cirein. Lantern";"1"
"Tumz";"storage";"Inyanga Tiara";"1"
"Tumz";"storage";"Cornflower Cape";"1"
"Tumz";"storage";"Hachirin-no-Obi";"1"
"Tumz";"storage";"Mummu Ring";"1"
"Tumz";"storage";"Colorless Soul";"2"
"Tumz";"storage";"Azukinagamitsu";"1"
"Tumz";"storage";"Daboya";"1"
"Tumz";"storage";"Brigantia Pebble";"1"
"Tumz";"storage";"Assim. Shalwar +1";"1"
"Tumz";"storage";"Hasty Pinion +1";"1"
"Tumz";"storage";"Relic Lance";"1"
"Tumz";"storage";"Relic Knuckles";"1"
"Tumz";"storage";"Aeolus Arrow";"1"
"Tumz";"storage";"Vexer Ring";"1"
"Tumz";"storage";"Egg Helm";"1"
"Tumz";"storage";"Paqichikaji Ring";"1"
"Tumz";"storage";"Vorpal Sword";"1"
"Tumz";"storage";"Ferine Necklace";"1"
"Tumz";"storage";"Gold Beastcoin";"12"
"Tumz";"storage";"Adhemar Bonnet";"1"
"Tumz";"storage";"Src. Tonban +2";"1"
"Tumz";"storage";"Inspirited Boots";"1"
"Tumz";"storage";"Pumpkin Head II";"1"
"Tumz";"storage";"H. Kindred Crest";"10"
"Tumz";"storage";"Witching Robe";"1"
"Tumz";"storage";"Ames";"1"
"Tumz";"storage";"Nahtirah Trousers";"1"
"Tumz";"storage";"Archon Ring";"1"
"Tumz";"storage";"Ocachi Gorget";"1"
"Tumz";"storage";"Relic Sword";"1"
"Tumz";"storage";"Archon Cape";"1"
"Tumz";"storage";"Melee Cyclas";"1"
"Tumz";"storage";"Orvail Pants +1";"1"
"Tumz";"storage";"Luzaf's Ring";"1"
"Tumz";"storage";"Lifestream Cape";"1"
"Tumz";"storage";"Toro Cape";"1"
"Tumz";"storage";"Beastmen's Seal";"2"
"Tumz";"storage";"Earth Staff";"1"
"Tumz";"storage";"Smn. Torque";"1"
"Tumz";"storage";"Commodore Belt";"1"
"Tumz";"storage";"Sobek's Skin";"1"
"Tumz";"storage";"Relic Horn";"1"
"Tumz";"storage";"Aswang Sash";"1"
"Tumz";"storage";"Rosmerta's Cape";"1"
"Tumz";"storage";"Necropsyche";"1"
"Tumz";"storage";"Honed Tathlum";"1"
"Tumz";"storage";"Toci's Harness";"1"
"Tumz";"storage";"Dunna";"1"
"Tumz";"storage";"Volley Earring";"1"
"Tumz";"storage";"Iron Plate";"3"
"Tumz";"storage";"Itzpapa. Scale";"2"
"Tumz";"storage";"Bokwus Gloves";"1"
"Tumz";"storage";"Hagondes Cuffs";"1"
"Tumz";"storage";"Twilight Cape";"1"
"Tumz";"storage";"Anwig Salade";"1"
"Tumz";"storage";"Camulus's Mantle";"1"
"Tumz";"storage";"Sacrifice Torque";"1"
"Tumz";"storage";"Bounty Sickle";"1"
"Tumz";"storage";"Duelist's Tabard";"1"
"Tumz";"storage";"Healer's Torque";"1"
"Tumz";"storage";"Delkfutt Key";"1"
"Tumz";"storage";"Goading Belt";"1"
"Tumz";"storage";"Mercenary's Ring";"1"
"Tumz";"storage";"Zodiac Ring";"1"
"Tumz";"storage";"Terebellum Mantle";"1"
"Tumz";"storage";"Relic Staff";"1"
"Tumz";"storage";"Orthrus's Claw";"2"
"Tumz";"storage";"Stoicheion Medal";"1"
"Tumz";"storage";"Ababinili";"1"
"Tumz";"storage";"Duelist's Tights";"1"
"Tumz";"storage";"Merirosvo Ring";"1"
"Tumz";"locker";"Mavi Scarf";"1"
"Tumz";"locker";"Meghanada Ring";"1"
"Tumz";"locker";"Overbearing Ring";"1"
"Tumz";"locker";"Bloodrain Strap";"1"
"Tumz";"locker";"Lifestorm Earring";"1"
"Tumz";"locker";"Beorc Sword";"1"
"Tumz";"locker";"Storage Slip 08";"1"
"Tumz";"locker";"Shadow Ring";"1"
"Tumz";"locker";"Sulevia's Ring";"1"
"Tumz";"locker";"Dcl.Grd. Ring";"1"
"Tumz";"locker";"Ygnas's Resolve +1";"1"
"Tumz";"locker";"Taeon Gloves";"1"
"Tumz";"locker";"Uther's Grip";"1"
"Tumz";"locker";"Steelflash Earring";"1"
"Tumz";"locker";"Strendu Ring";"1"
"Tumz";"locker";"Meg. Chausses +2";"1"
"Tumz";"locker";"Icesoul Ring";"1"
"Tumz";"locker";"Hydra Bracers";"1"
"Tumz";"locker";"Lucky Broth";"1"
"Tumz";"locker";"Iqabi Necklace";"1"
"Tumz";"locker";"Storage Slip 04";"1"
"Tumz";"locker";"Pup. Churidars";"1"
"Tumz";"locker";"Storage Slip 10";"1"
"Tumz";"locker";"Bladeborn Earring";"1"
"Tumz";"locker";"Ayanmo Ring";"1"
"Tumz";"locker";"Carbuncle Mitts";"1"
"Tumz";"locker";"Pantin Taj";"1"
"Tumz";"locker";"Storage Slip 11";"1"
"Tumz";"locker";"Perception Ring";"1"
"Tumz";"locker";"Yokaze Mantle";"1"
"Tumz";"locker";"Pet Food Eta";"6"
"Tumz";"locker";"Storage Slip 03";"1"
"Tumz";"locker";"Belenos' Mantle";"1"
"Tumz";"locker";"Skeggiold";"1"
"Tumz";"locker";"Augur's Brais";"1"
"Tumz";"locker";"Crusher Gauntlets";"1"
"Tumz";"locker";"Diabolos's Rope";"1"
"Tumz";"locker";"Anguinus Belt";"1"
"Tumz";"locker";"Musical Earring";"1"
"Tumz";"locker";"Hecate's Earring";"1"
"Tumz";"locker";"Vanir Battery";"1"
"Tumz";"locker";"Balrahn's Ring";"1"
"Tumz";"locker";"Harmony Cape";"1"
"Tumz";"locker";"Storage Slip 06";"1"
"Tumz";"locker";"Storage Slip 01";"1"
"Tumz";"locker";"Doyen Pants";"1"
"Tumz";"locker";"Storage Slip 13";"1"
"Tumz";"locker";"Ajjub Bow";"1"
"Tumz";"locker";"Savant's Chain";"1"
"Tumz";"locker";"Scepter Staff";"1"
"Tumz";"locker";"Warrior's Mask";"1"
"Tumz";"locker";"Iota Ring";"1"
"Tumz";"locker";"Ogre Gloves";"1"
"Tumz";"locker";"Tamaxchi";"1"
"Tumz";"locker";"Storage Slip 09";"1"
"Tumz";"locker";"Storage Slip 15";"1"
"Tumz";"locker";"Refraction Cape";"1"
"Tumz";"locker";"Fortified Ring";"1"
"Tumz";"satchel";"Nibiru Tabar";"1"
"Tumz";"satchel";"Thunder Sachet";"1"
"Tumz";"satchel";"Fed. Signet Staff";"1"
"Tumz";"satchel";"Terminal Helm";"1"
"Tumz";"satchel";"Danger Grip";"1"
"Tumz";"satchel";"Mythril Leaf";"12"
"Tumz";"satchel";"Love Torque";"1"
"Tumz";"satchel";"Impulse Belt";"1"
"Tumz";"satchel";"Mijin";"1"
"Tumz";"satchel";"Pulfanxa";"1"
"Tumz";"satchel";"Atst. of Invuln.";"1"
"Tumz";"satchel";"Chocobo Shirt";"1"
"Tumz";"satchel";"Pitchfork";"1"
"Tumz";"satchel";"Angha Gem";"1"
"Tumz";"satchel";"Src. Gloves +2";"1"
"Tumz";"satchel";"L. Jadeshell";"1"
"Tumz";"satchel";"Green 3D Almirah";"1"
"Tumz";"satchel";"Xaddi Boots";"1"
"Tumz";"satchel";"T. Whiteshell";"5"
"Tumz";"satchel";"Curatio Grip";"1"
"Tumz";"satchel";"Kuwunga Earring";"1"
"Tumz";"satchel";"Peda. M.Board";"1"
"Tumz";"satchel";"Gifted Earring";"1"
"Tumz";"satchel";"Holy Water";"14"
"Tumz";"satchel";"Despair Fin. Gaunt.";"1"
"Tumz";"satchel";"Scholar's Bracers";"1"
"Tumz";"satchel";"Moepapa Medal";"1"
"Tumz";"satchel";"Claymore Grip";"1"
"Tumz";"satchel";"Terminal Plate";"1"
"Tumz";"satchel";"Mithran Stone";"1"
"Tumz";"satchel";"Ibushi Shinai";"1"
"Tumz";"satchel";"Naga Samue";"1"
"Tumz";"satchel";"Sweller's Harness";"1"
"Tumz";"satchel";"Artful Belt +1";"1"
"Tumz";"satchel";"Destrier Beret";"1"
"Tumz";"satchel";"Demonry Core";"1"
"Tumz";"satchel";"Mutsunokami";"1"
"Tumz";"satchel";"O. Bronzepiece";"12"
"Tumz";"satchel";"Trick Staff";"1"
"Tumz";"satchel";"Analgesia Torque";"1"
"Tumz";"satchel";"Boxer's Mantle";"1"
"Tumz";"satchel";"Houyi's Gorget";"1"
"Tumz";"satchel";"Atst. of Legerity";"1"
"Tumz";"satchel";"Chatoyant Staff";"1"
"Tumz";"satchel";"Tavnazian Ring";"1"
"Tumz";"satchel";"Remedy";"12"
"Tumz";"satchel";"Lancer's Torque";"1"
"Tumz";"satchel";"Chuq'aba Belt";"1"
"Tumz";"satchel";"Consumm. Torque";"1"
"Tumz";"satchel";"Temachtiani Shirt";"1"
"Tumz";"satchel";"Chaosbringer";"1"
"Tumz";"satchel";"Gatta Strap +1";"1"
"Tumz";"satchel";"Artemis's Bow";"1"
"Tumz";"satchel";"Unkai Mimikazari";"1"
"Tumz";"satchel";"Arctier's Torque";"1"
"Tumz";"satchel";"Plun. Poulaines";"1"
"Tumz";"satchel";"Queller Rod";"1"
"Tumz";"satchel";"Beatific Shield";"1"
"Tumz";"satchel";"Uk'uxkaj Boots";"1"
"Tumz";"satchel";"Temachtiani Gloves";"1"
"Tumz";"satchel";"Witchstone";"1"
"Tumz";"satchel";"Maxixi Bangles";"1"
"Tumz";"satchel";"Acad. Loafers";"1"
"Tumz";"satchel";"Cl. Wheat Broth";"10"
"Tumz";"satchel";"Ajax +1";"1"
"Tumz";"satchel";"Cobra Staff";"1"
"Tumz";"satchel";"Chocobo Whistle";"1"
"Tumz";"sack";"Schiavona";"1"
"Tumz";"sack";"Knightly Earring";"1"
"Tumz";"sack";"Koga Tekko";"1"
"Tumz";"sack";"Diligence Grimoire";"1"
"Tumz";"sack";"Rabid Visor";"1"
"Tumz";"sack";"P. RUN Card";"1"
"Tumz";"sack";"P. DRG Card";"9"
"Tumz";"sack";"Dwarf Pugil";"1"
"Tumz";"sack";"Lebros Chronicle";"1"
"Tumz";"sack";"Periqia Diary";"1"
"Tumz";"sack";"Mamool Ja Journal";"1"
"Tumz";"sack";"Leujaoam Log";"1"
"Tumz";"sack";"Befouled Crown";"1"
"Tumz";"sack";"Avatara Slops";"1"
"Tumz";"sack";"Black. I. Card";"40"
"Tumz";"sack";"Pole Grip";"1"
"Tumz";"sack";"Rusted I. Card";"65"
"Tumz";"sack";"Rudianos's Mantle";"1"
"Tumz";"sack";"Savory Shank";"1"
"Tumz";"sack";"Heavy Metal";"7"
"Tumz";"sack";"Enkidu's Cap";"1"
"Tumz";"sack";"Thuellaic Ecu +1";"1"
"Tumz";"sack";"Count's Cuffs";"1"
"Tumz";"sack";"Zoraal Ja's Axe";"1"
"Tumz";"sack";"A. Tok.: Head +1";"1"
"Tumz";"sack";"A. Vou.: Head +1";"1"
"Tumz";"sack";"Limbo Trousers";"1"
"Tumz";"sack";"Shihei";"99"
"Tumz";"sack";"Erilaz Greaves";"1"
"Tumz";"sack";"Erilaz Gauntlets";"1"
"Tumz";"sack";"Meekculler";"1"
"Tumz";"sack";"Deviant Necklace";"1"
"Tumz";"sack";"Prism Powder";"12"
"Tumz";"sack";"Fly Lure";"2"
"Tumz";"sack";"Defiant Collar";"1"
"Tumz";"sack";"Malison Medallion";"1"
"Tumz";"sack";"Lustreless Wing";"43"
"Tumz";"sack";"Famine Sash";"1"
"Tumz";"sack";"Riftborn Boulder";"47"
"Tumz";"sack";"Vision Bow";"1"
"Tumz";"sack";"Drill Calamary";"1"
"Tumz";"sack";"Vayuvata III";"1"
"Tumz";"sack";"Phrenic Torque";"1"
"Tumz";"sack";"A. Vou.: Feet +1";"1"
"Tumz";"sack";"A. Vou.: Hands +1";"1"
"Tumz";"sack";"A. Tok.: Fingers";"1"
"Tumz";"sack";"S. Astral Detritus";"6"
"Tumz";"sack";"Cryptic Earring";"1"
"Tumz";"sack";"Bokwus Boots";"1"
"Tumz";"sack";"Mephitis Grip";"1"
"Tumz";"sack";"Lustreless Scale";"2"
"Tumz";"sack";"A. Vou.: Body +1";"1"
"Tumz";"sack";"Pulchridopt Wing";"24"
"Tumz";"sack";"Voidtorso: RUN";"1"
"Tumz";"sack";"Ilrusi Ledger";"1"
"Tumz";"sack";"H-P Bayld";"35"
"Tumz";"sack";"P. WHM Card";"11"
"Tumz";"sack";"Pluton";"22"
"Tumz";"sack";"Toolbag (Shihe)";"6"
"Tumz";"sack";"Signal Pearl";"1"
"Tumz";"sack";"Tarutaru Rice";"60"
"Tumz";"sack";"Nierenschutz";"1"
"Tumz";"sack";"Forbidden Key";"17"
"Tumz";"sack";"Flame Earring";"1"
"Tumz";"sack";"Cibitshavore";"1"
"Tumz";"sack";"Beastly Shank";"1"
"Tumz";"case";"Aoidos' Calot +2";"1"
"Tumz";"case";"Shrimp Lure";"1"
"Tumz";"case";"Thief's Tools";"12"
"Tumz";"case";"Glyphic Doublet";"1"
"Tumz";"case";"Legato Dagger";"1"
"Tumz";"case";"Aoidos' Earring";"1"
"Tumz";"case";"Pro-Ether";"2"
"Tumz";"case";"Drachen Brais";"1"
"Tumz";"case";"Convoker's Horn";"1"
"Tumz";"case";"Bane Cape";"1"
"Tumz";"case";"Kalboron Stone";"1"
"Tumz";"case";"Updraft Mantle";"1"
"Tumz";"case";"Smn. Spats +2";"1"
"Tumz";"case";"Samnuha Coat";"1"
"Tumz";"case";"Rev. Breeches +1";"1"
"Tumz";"case";"Trump Card Case";"9"
"Tumz";"case";"Trump Card";"63"
"Tumz";"case";"Canny Cape";"1"
"Tumz";"case";"Kuchekula Ring";"1"
"Tumz";"case";"Weard Mantle";"1"
"Tumz";"case";"Echo Drops";"12"
"Tumz";"case";"Evoker's Ring";"1"
"Tumz";"case";"Toolbag (Cho)";"1"
"Tumz";"case";"Sleep Quiver";"1"
"Tumz";"case";"Ad. Mnchtte. +2";"1"
"Tumz";"case";"Samanisi Cape";"1"
"Tumz";"case";"Tiresias' Cape";"1"
"Tumz";"case";"Hi-Elixir";"1"
"Tumz";"case";"Toolbag (Ino)";"12"
"Tumz";"case";"Sancus Sachet";"1"
"Tumz";"case";"Rev. Leggings +1";"1"
"Tumz";"case";"Con. Pigaches";"1"
"Tumz";"case";"Ames";"1"
"Tumz";"case";"Creed Armet +2";"1"
"Tumz";"case";"Etched Memory";"59"
"Tumz";"case";"Thundersoul Ring";"1"
"Tumz";"case";"Smn. Bracers +2";"1"
"Tumz";"case";"Himetsuruichimonji";"1"
"Tumz";"case";"Mauler's Mantle";"1"
"Tumz";"case";"Kayapa Cape";"1"
"Tumz";"case";"Em. Bul. Pouch";"12"
"Tumz";"case";"Maze Tabula M01";"1"
"Tumz";"case";"Creed Earring";"1"
"Tumz";"case";"Anchoret's Mantle";"1"
"Tumz";"case";"Mirage Jubbah +2";"1"
"Tumz";"case";"Lucidity Sash";"1"
"Tumz";"case";"Toetapper Mantle";"1"
"Tumz";"case";"Colada";"1"
"Tumz";"case";"Aoidos' Hngrln. +2";"1"
"Tumz";"case";"Sabiki Rig";"1"
"Tumz";"case";"Runeist Trousers";"1"
"Tumz";"case";"Aoidos' Cothrn. +2";"1"
"Tumz";"case";"Caller's Pendant";"1"
"Tumz";"case";"Acclimator";"1"
"Tumz";"case";"Rev. Gauntlets";"1"
"Tumz";"case";"Keraunos";"1"
"Tumz";"case";"Remedy";"12"
"Tumz";"case";"Cornflower Cape";"2"
"Tumz";"case";"Aoidos' Matinee";"1"
"Tumz";"case";"Campestres's Cape";"1"
"Tumz";"case";"Aspir Knife";"1"
"Tumz";"case";"Takaha Mantle";"1"
"Tumz";"case";"Loyalist Sabatons";"1"
"Tumz";"case";"Drachen Fng. Gnt.";"1"
"Tumz";"case";"Aoidos' Rhing. +2";"1"
"Tumz";"case";"Terpander";"1"
"Tumz";"case";"Automat. Oil +3";"106"
"Tumz";"case";"Plun. Armlets +1";"1"
"Tumz";"case";"Rev. Surcoat +1";"1"
"Tumz";"safe2";"Iuven. Mittens +1";"1"
"Tumz";"safe2";"Adenium Masque";"1"
"Tumz";"safe2";"Sukeroku Hachi.";"1"
"Tumz";"safe2";"Centurion's Visor";"1"
"Tumz";"safe2";"Trizek Ring";"1"
"Tumz";"safe2";"Corduroy Cloth";"3"
"Tumz";"safe2";"Expertise Ring";"1"
"Tumz";"safe2";"Behe. Masque +1";"1"
"Tumz";"safe2";"Diabolic Yarn";"7"
"Tumz";"safe2";"Geo. Galero +1";"1"
"Tumz";"safe2";"White Rivet";"2"
"Tumz";"safe2";"Ecarlate Cloth";"4"
"Tumz";"safe2";"Buremte Hat";"1"
"Tumz";"safe2";"Psycloth Vest";"1"
"Tumz";"safe2";"Killer Bow";"1"
"Tumz";"safe2";"Battlecast Gaiters";"1"
"Tumz";"safe2";"Etoile Tights";"1"
"Tumz";"safe2";"Endorsement Ring";"1"
"Tumz";"safe2";"Councilor's Garb";"1"
"Tumz";"safe2";"Kurogane";"1"
"Tumz";"safe2";"Canvas Toile";"1"
"Tumz";"safe2";"Kinship Axe";"1"
"Tumz";"safe2";"P. DNC Card";"1"
"Tumz";"safe2";"Rby. Silk Thread";"6"
"Tumz";"safe2";"Plaited Cord";"1"
"Tumz";"safe2";"Aphmau Statue";"1"
"Tumz";"safe2";"Demersal Degen";"1"
"Tumz";"safe2";"Light Filament";"1"
"Tumz";"safe2";"Aalak' Axe";"1"
"Tumz";"safe2";"Geo. Tunic +1";"1"
"Tumz";"safe2";"Cbl. Myth. Sheet";"2"
"Tumz";"safe2";"Inferno Claws";"1"
"Tumz";"safe2";"Assim. Charuqs +1";"1"
"Tumz";"safe2";"Luhlaza Charuqs";"1"
"Tumz";"safe2";"Hagondes Pants";"1"
"Tumz";"safe2";"Echad Ring";"1"
"Tumz";"safe2";"Akitu Shirt";"1"
"Tumz";"safe2";"Hagondes Coat";"1"
"Tumz";"safe2";"Decennial Coat +1";"1"
"Tumz";"safe2";"Coiled Yarn";"6"
"Tumz";"safe2";"Windslicer";"1"
"Tumz";"safe2";"Emporox's Ring";"1"
"Tumz";"safe2";"Sturdy Axe";"1"
"Tumz";"safe2";"Nilas Gloves";"1"
"Tumz";"safe2";"Burning Fists";"1"
"Tumz";"safe2";"Blue Rivet";"5"
"Tumz";"safe2";"Councilor's Cuffs";"1"
"Tumz";"safe2";"Choco. Shield +1";"1"
"Tumz";"safe2";"Pantin Wire";"2"
"Tumz";"safe2";"Eminent Sword";"1"
"Tumz";"safe2";"Trotter Boots";"1"
"Tumz";"safe2";"Black Rivet";"2"
"Tumz";"safe2";"Trial Wand";"1"
"Tumz";"safe2";"Brown Doeskin";"2"
"Tumz";"safe2";"Decennial Crown +1";"1"
"Tumz";"safe2";"Astral Leather";"3"
"Tumz";"safe2";"Ut. Gold Thread";"1"
"Tumz";"safe2";"Geo. Mitaines +1";"1"
"Tumz";"safe2";"Geo. Pants +1";"1"
"Tumz";"safe2";"Lizard Mantle +1";"1"
"Tumz";"safe2";"Yomi's Diagram";"12"
"Tumz";"safe2";"Psycloth Manillas";"1"
"Tumz";"safe2";"Emperor Band";"1"
"Tumz";"safe2";"Bokwus Robe";"1"
"Tumz";"safe2";"Assim. Jubbah +1";"1"
"Tumz";"safe2";"Battle Bow";"1"
"Tumz";"safe2";"Dark Orichalcum";"1"
"Tumz";"safe2";"Caliber Ring";"1"
"Tumz";"safe2";"Glory Crown";"1"
"Tumz";"safe2";"Eminent Dagger";"1"
"Tumz";"safe2";"Nomad's Tunica";"1"
"Tumz";"safe2";"Assim. Bazu. +1";"1"
"Tumz";"safe2";"Moogle Guard +1";"1"
"Tumz";"safe2";"Glittering Yarn";"4"
"Tumz";"safe2";"Scarlet Odoshi";"6"
"Tumz";"safe2";"Brilliantine";"3"
"Tumz";"safe2";"Facility Ring";"1"
"Tumz";"safe2";"Geo. Sandals +1";"1"
"Tumz";"safe2";"Scorpion Arrow";"22"
"Tumz";"safe2";"Al. Bolt Quiver";"1"
"Tumz";"wardrobe2";"Epeolatry";"1"
"Tumz";"wardrobe2";"Theo. Duckbills +1";"1"
"Tumz";"wardrobe2";"Nexus Cape";"1"
"Tumz";"wardrobe2";"Incarnation Sash";"1"
"Tumz";"wardrobe2";"Imbodla Necklace";"1"
"Tumz";"wardrobe2";"Theo. Mitts +1";"1"
"Tumz";"wardrobe2";"Ogma's Cape";"1"
"Tumz";"wardrobe2";"Tali'ah Crackows +1";"1"
"Tumz";"wardrobe2";"Gende. Gages +1";"1"
"Tumz";"wardrobe2";"Futhark Torque";"1"
"Tumz";"wardrobe2";"Queller Rod";"1"
"Tumz";"wardrobe2";"Ebers Cap";"1"
"Tumz";"wardrobe2";"Dgn. Collar +1";"1"
"Tumz";"wardrobe2";"Ohtas";"1"
"Tumz";"wardrobe2";"Sapience Orb";"1"
"Tumz";"wardrobe2";"Incantor Stone";"1"
"Tumz";"wardrobe2";"Runeist Mitons";"1"
"Tumz";"wardrobe2";"Vishap Armet";"1"
"Tumz";"wardrobe2";"Roundel Earring";"1"
"Tumz";"wardrobe2";"Dispersal Mantle";"1"
"Tumz";"wardrobe2";"Spiral Ring";"1"
"Tumz";"wardrobe2";"Tali'ah Gages +1";"1"
"Tumz";"wardrobe2";"Vocane Ring";"1"
"Tumz";"wardrobe2";"Chivalrous Chain";"1"
"Tumz";"wardrobe2";"Piety Bliaut +1";"1"
"Tumz";"wardrobe2";"Ebers Bliaut +1";"1"
"Tumz";"wardrobe2";"Animator P II";"1"
"Tumz";"wardrobe2";"Cirque Cappello +1";"1"
"Tumz";"wardrobe2";"Sulev. Cuisses +2";"1"
"Tumz";"wardrobe2";"Sulevia's Mask +2";"1"
"Tumz";"wardrobe2";"Decennial Tights +1";"1"
"Tumz";"wardrobe2";"Sulevia's Plate. +2";"1"
"Tumz";"wardrobe2";"Heka's Kalasiris";"1"
"Tumz";"wardrobe2";"Fanatic Gloves";"1"
"Tumz";"wardrobe2";"Windbuffet Belt";"1"
"Tumz";"wardrobe2";"Gae Derg +1";"1"
"Tumz";"wardrobe2";"Swith Cape";"1"
"Tumz";"wardrobe2";"Sors Shield";"1"
"Tumz";"wardrobe2";"Isa Belt";"1"
"Tumz";"wardrobe2";"Moonbeam Ring";"1"
"Tumz";"wardrobe2";"Telchine Gloves";"1"
"Tumz";"wardrobe2";"Enlivened Ring";"1"
"Tumz";"wardrobe2";"Orison Earring";"1"
"Tumz";"wardrobe2";"Futhark Bandeau";"1"
"Tumz";"wardrobe2";"Ephedra Ring";"1"
"Tumz";"wardrobe2";"Turms Leggings";"1"
"Tumz";"wardrobe2";"Aya. Cosciales +2";"1"
"Tumz";"wardrobe2";"Herculean Gloves";"1"
"Tumz";"wardrobe2";"Ej Necklace";"1"
"Tumz";"wardrobe2";"Pahtli Cape";"1"
"Tumz";"wardrobe2";"Ebers Mitts +1";"1"
"Tumz";"wardrobe2";"Flamma Korazin +2";"1"
"Tumz";"wardrobe2";"Bathy Choker +1";"1"
"Tumz";"wardrobe2";"Turms Harness";"1"
"Tumz";"wardrobe2";"Lu Shang's F. Rod";"1"
"Tumz";"wardrobe2";"Erilaz Galea +1";"1"
"Tumz";"wardrobe2";"Aya. Manopolas +2";"1"
"Tumz";"wardrobe2";"Sulev. Gauntlets +2";"1"
"Tumz";"wardrobe2";"Futhark Trousers";"1"
"Tumz";"wardrobe2";"Sangoma Ring";"1"
"Tumz";"wardrobe2";"Homiliary";"1"
"Tumz";"wardrobe2";"Runeist Bottes";"1"
"Tumz";"wardrobe2";"Ayanmo Corazza +2";"1"
"Tumz";"wardrobe2";"Eletta Grip";"1"
"Tumz";"wardrobe2";"Burana Earring";"1"
"Tumz";"wardrobe2";"Wyrm Armet";"1"
"Tumz";"wardrobe2";"Tali'ah Turban +1";"1"
"Tumz";"wardrobe2";"Per. Lucky Egg";"1"
"Tumz";"wardrobe2";"Nuna Gorget";"1"
"Tumz";"wardrobe2";"Flam. Zucchetto +2";"1"
"Tumz";"wardrobe2";"Angon";"69"
"Tumz";"wardrobe2";"Kaja Sword";"1"
"Tumz";"wardrobe2";"Kuku Stone";"1"
"Tumz";"wardrobe2";"Sirona's Ring";"1"
"Tumz";"wardrobe2";"Shrimp Lure";"1"
"Tumz";"wardrobe2";"Rune. Bandeau +1";"1"
"Tumz";"wardrobe2";"Ebers Pant. +1";"1"
"Tumz";"wardrobe2";"Runeist Coat +1";"1"
"Tumz";"wardrobe2";"Cirq. Pantaloni +2";"1"
"Tumz";"wardrobe2";"Theo. Cap +1";"1"
"Tumz";"slip 01";"Anu's Gages";"1"
"Tumz";"slip 01";"T.kazu Sune-Ate";"1"
"Tumz";"slip 01";"Enlil's Crackows";"1"
"Tumz";"slip 01";"Njord's Ledelsens";"1"
"Tumz";"slip 01";"Phobos's Gnt.";"1"
"Tumz";"slip 04";"Immortal's Scimitar";"1"
"Tumz";"slip 04";"Dancer's Tiara";"1"
"Tumz";"slip 04";"Blessed Hammer";"1"
"Tumz";"slip 04";"Dancer's Toe Shoes";"1"
"Tumz";"slip 04";"Dancer's Tights";"1"
"Tumz";"slip 04";"War Hoop";"1"
"Tumz";"slip 04";"Evoker's Spats";"1"
"Tumz";"slip 04";"Evoker's Bracers";"1"
"Tumz";"slip 04";"Kukulcan's Staff";"1"
"Tumz";"slip 04";"Honor Sword";"1"
"Tumz";"slip 06";"Argute Belt";"1"
"Tumz";"slip 06";"Warrior's Mufflers";"1"
"Tumz";"slip 06";"Cleric's Belt";"1"
"Tumz";"slip 06";"Mirage Keffiyeh";"1"
"Tumz";"slip 06";"Wyrm Mail";"1"
"Tumz";"slip 06";"Melee Crown";"1"
"Tumz";"slip 06";"Bard's Jstcorps";"1"
"Tumz";"slip 06";"Sorcerer's Sabots";"1"
"Tumz";"slip 06";"Argute Loafers";"1"
"Tumz";"slip 06";"Argute Pants";"1"
"Tumz";"slip 06";"Sorcerer's Petas.";"1"
"Tumz";"slip 06";"Etoile Tights";"1"
"Tumz";"slip 06";"Monster Gaiters";"1"
"Tumz";"slip 06";"Abyss Cuirass";"1"
"Tumz";"slip 06";"Bard's Roundlet";"1"
"Tumz";"slip 06";"Koga Chainmail";"1"
"Tumz";"slip 06";"Abyss Burgeonet";"1"
"Tumz";"slip 06";"Valor Surcoat";"1"
"Tumz";"slip 06";"Argute M.board";"1"
"Tumz";"slip 06";"Etoile Toe Shoes";"1"
"Tumz";"slip 06";"Etoile Casaque";"1"
"Tumz";"slip 06";"Assassin's Cape";"1"
"Tumz";"slip 06";"Argute Gown";"1"
"Tumz";"slip 06";"Melee Gloves";"1"
"Tumz";"slip 06";"Pantin Cape";"1"
"Tumz";"slip 06";"Scout's Belt";"1"
"Tumz";"slip 06";"Pantin Babouches";"1"
"Tumz";"slip 06";"Abyss Gauntlets";"1"
"Tumz";"slip 06";"Assassin's Vest";"1"
"Tumz";"slip 06";"Wyrm Fng.Gnt.";"1"
"Tumz";"slip 06";"Cleric's Cap";"1"
"Tumz";"slip 06";"Summoner's Brcr.";"1"
"Tumz";"slip 06";"Saotome Kabuto";"1"
"Tumz";"slip 06";"Wyrm Belt";"1"
"Tumz";"slip 06";"Monster Helm";"1"
"Tumz";"slip 06";"Assassin's Pouln.";"1"
"Tumz";"slip 06";"Wyrm Greaves";"1"
"Tumz";"slip 06";"Scout's Beret";"1"
"Tumz";"slip 06";"Summoner's Cape";"1"
"Tumz";"slip 06";"Sao. Koshi-Ate";"1"
"Tumz";"slip 06";"Warrior's Stone";"1"
"Tumz";"slip 06";"Summoner's Horn";"1"
"Tumz";"slip 06";"Sorcerer's Gloves";"1"
"Tumz";"slip 06";"Sorcerer's Coat";"1"
"Tumz";"slip 06";"Warrior's Lorica";"1"
"Tumz";"slip 06";"Pantin Dastanas";"1"
"Tumz";"slip 06";"Abyss Cape";"1"
"Tumz";"slip 06";"Bard's Cuffs";"1"
"Tumz";"slip 06";"Monster Belt";"1"
"Tumz";"slip 06";"Bard's Slippers";"1"
"Tumz";"slip 06";"Duelist's Chapeau";"1"
"Tumz";"slip 06";"Sorcerer's Tonban";"1"
"Tumz";"slip 06";"Monster Jackcoat";"1"
"Tumz";"slip 06";"Monster Trousers";"1"
"Tumz";"slip 06";"Monster Gloves";"1"
"Tumz";"slip 06";"Cleric's Mitts";"1"
"Tumz";"slip 06";"Valor Coronet";"1"
"Tumz";"slip 06";"Valor Breeches";"1"
"Tumz";"slip 06";"Melee Cape";"1"
"Tumz";"slip 06";"Warrior's Cuisses";"1"
"Tumz";"slip 06";"Scout's Jerkin";"1"
"Tumz";"slip 06";"Saotome Domaru";"1"
"Tumz";"slip 06";"Scout's Braccae";"1"
"Tumz";"slip 06";"Assassin's Culottes";"1"
"Tumz";"slip 08";"Mavi Basmak";"1"
"Tumz";"slip 08";"Ravager's Calligae";"1"
"Tumz";"slip 08";"Savant's Earring";"1"
"Tumz";"slip 08";"Unkai Sune-Ate";"1"
"Tumz";"slip 08";"Mavi Tathlum";"1"
"Tumz";"slip 08";"Charis Earring";"1"
"Tumz";"slip 08";"Ferine Ocreae";"1"
"Tumz";"slip 08";"Creed Sabatons";"1"
"Tumz";"slip 08";"Orison Duckbills";"1"
"Tumz";"slip 08";"Cirque Scarpe";"1"
"Tumz";"slip 08";"Goetia Earring";"1"
"Tumz";"slip 08";"Goetia Sabots";"1"
"Tumz";"slip 08";"Cirque Sash";"1"
"Tumz";"slip 08";"Lncr. Schynbalds";"1"
"Tumz";"slip 08";"Bale Sollerets";"1"
"Tumz";"slip 08";"Caller's Bracers";"1"
"Tumz";"slip 08";"Savant's Chain";"1"
"Tumz";"slip 08";"Savant's Loafers";"1"
"Tumz";"slip 08";"Charis Feather";"1"
"Tumz";"slip 08";"Ravager's Earring";"1"
"Tumz";"slip 08";"Goetia Mantle";"1"
"Tumz";"slip 08";"Creed Baudrier";"1"
"Tumz";"slip 08";"Tantra Gaiters";"1"
"Tumz";"slip 09";"Mavi Tayt +1";"1"
"Tumz";"slip 09";"Lancer's Mezail +1";"1"
"Tumz";"slip 09";"Mavi Kavuk +1";"1"
"Tumz";"slip 09";"Caller's Horn +1";"1"
"Tumz";"slip 09";"Raid. Culottes +1";"1"
"Tumz";"slip 09";"Caller's Pgch. +1";"1"
"Tumz";"slip 09";"Lncr. Cuissots +1";"1"
"Tumz";"slip 10";"Creed Cuirass +2";"1"
"Tumz";"slip 10";"Call. Doublet +2";"1"
"Tumz";"slip 10";"Tantra Hose +2";"1"
"Tumz";"slip 11";"Kitty Rod";"1"
"Tumz";"slip 15";"Foire Taj";"1"